LABEL,TRACK_INDEX,TRACK_ID,NUMBER_SPOTS,NUMBER_GAPS,NUMBER_SPLITS,NUMBER_MERGES,NUMBER_COMPLEX,LONGEST_GAP,TRACK_DURATION,TRACK_START,TRACK_STOP,TRACK_DISPLACEMENT,TRACK_X_LOCATION,TRACK_Y_LOCATION,TRACK_Z_LOCATION,TRACK_MEAN_SPEED,TRACK_MAX_SPEED,TRACK_MIN_SPEED,TRACK_MEDIAN_SPEED,TRACK_STD_SPEED,TRACK_MEAN_QUALITY,TOTAL_DISTANCE_TRAVELED,MAX_DISTANCE_TRAVELED,CONFINEMENT_RATIO,MEAN_STRAIGHT_LINE_SPEED,LINEARITY_OF_FORWARD_PROGRESSION,MEAN_DIRECTIONAL_CHANGE_RATE
Label,Track index,Track ID,Number of spots in track,Number of gaps,Number of split events,Number of merge events,Number of complex points,Longest gap,Track duration,Track start,Track stop,Track displacement,Track mean X,Track mean Y,Track mean Z,Track mean speed,Track max speed,Track min speed,Track median speed,Track std speed,Track mean quality,Total distance traveled,Max distance traveled,Confinement ratio,Mean straight line speed,Linearity of forward progression,Mean directional change rate
Label,Index,ID,N spots,N gaps,N splits,N merges,N complex,Lgst gap,Duration,Track start,Track stop,Track disp.,Track X,Track Y,Track Z,Mean sp.,Max speed,Min speed,Med. speed,Std speed,Mean Q,Total dist.,Max dist.,Cfn. ratio,Mn. v. line,Fwd. progr.,Mn. γ rate
,,,,,,,,,(sec),(sec),(sec),(pixel),(pixel),(pixel),(pixel),(pixel/sec),(pixel/sec),(pixel/sec),(pixel/sec),(pixel/sec),(quality),(pixel),(pixel),,(pixel/sec),,(rad/sec)
Track_3,0,0,17,2,0,0,0,2,19.0,1.0,20.0,76.96213721973969,292.800120373387,807.564748937835,0.0,52.02323325193036,103.72679093831474,9.403521640144714,55.379229601000155,23.565786381341898,762.8235294117648,992.5121622403814,212.51418330563766,0.07754276486246206,4.050638801038931,0.0778621117496312,0.623591749955835
