LABEL,ID,TRACK_ID,QUALITY,POSITION_X,POSITION_Y,POSITION_Z,POSITION_T,FRAME,RADIUS,VISIBILITY,MANUAL_SPOT_COLOR,MEAN_INTENSITY_CH1,MEDIAN_INTENSITY_CH1,MIN_INTENSITY_CH1,MAX_INTENSITY_CH1,TOTAL_INTENSITY_CH1,STD_INTENSITY_CH1,MEAN_INTENSITY_CH2,MEDIAN_INTENSITY_CH2,MIN_INTENSITY_CH2,MAX_INTENSITY_CH2,TOTAL_INTENSITY_CH2,STD_INTENSITY_CH2,CONTRAST_CH1,SNR_CH1,CONTRAST_CH2,SNR_CH2,ELLIPSE_X0,ELLIPSE_Y0,ELLIPSE_MAJOR,ELLIPSE_MINOR,ELLIPSE_THETA,ELLIPSE_ASPECTRATIO,AREA,PERIMETER,CIRCULARITY,SOLIDITY,SHAPE_INDEX
Label,Spot ID,Track ID,Quality,X,Y,Z,T,Frame,Radius,Visibility,Manual spot color,Mean intensity ch1,Median intensity ch1,Min intensity ch1,Max intensity ch1,Sum intensity ch1,Std intensity ch1,Mean intensity ch2,Median intensity ch2,Min intensity ch2,Max intensity ch2,Sum intensity ch2,Std intensity ch2,Contrast ch1,Signal/Noise ratio ch1,Contrast ch2,Signal/Noise ratio ch2,Ellipse center x0,Ellipse center y0,Ellipse long axis,Ellipse short axis,Ellipse angle,Ellipse aspect ratio,Area,Perimeter,Circularity,Solidity,Shape index
Label,Spot ID,Track ID,Quality,X,Y,Z,T,Frame,R,Visibility,Spot color,Mean ch1,Median ch1,Min ch1,Max ch1,Sum ch1,Std ch1,Mean ch2,Median ch2,Min ch2,Max ch2,Sum ch2,Std ch2,Ctrst ch1,SNR ch1,Ctrst ch2,SNR ch2,El. x0,El. y0,El. long axis,El. sh. axis,El. angle,El. a.r.,Area,Perim.,Circ.,Solidity,Shape index
,,,(quality),(pixel),(pixel),(pixel),(sec),,(pixel),,,(counts),(counts),(counts),(counts),(counts),(counts),(counts),(counts),(counts),(counts),(counts),(counts),,,,,(pixel),(pixel),(pixel),(pixel),(radians),,(pixel^2),(pixel),,,
ID4164,4164,1,348,538.5545194,892.0872788,0,1,1,10.53237843,1,,0.2294,0.170000002,0,1,80.29000007,0.220803262,0.770600001,0.829999983,0,1,269.7100005,0.220803263,-0.574453178,-2.804950553,0.67618927,2.815780081,-0.389756279,-0.131778689,18.24720516,7.046005945,2.032112525,2.589723214,348.5,171.6378172,0.148657451,0.585222502,9.194150143
ID3965,3965,1,590,587.6285755,885.8806287,0,2,2,13.68668579,1,,0.166576728,0.109999999,0,0.790000021,98.77999968,0.172306249,0.833423273,0.889999986,0.209999993,1,494.2200008,0.172306252,-0.674325026,-4.003392619,0.713472019,4.028046831,-0.521979867,-0.247008676,15.94939207,12.74602881,1.951216295,1.251322455,588.5,143.2895022,0.360186626,0.756426735,5.90664868
ID4172,4172,1,420,731.4019375,799.9313958,0,3,3,11.58307459,1,,0.162393365,0.079999998,0,0.899999976,68.52999988,0.187382791,0.837606636,0.920000017,0.100000001,1,353.4700004,0.187382793,-0.70274899,-4.097750049,0.868220479,4.154725097,0.234294198,0.031612701,15.16825818,9.311140812,0.731329072,1.629044012,421.5,117.1669602,0.385830999,0.854103343,5.706980297
ID4505,4505,1,565,852.1998239,774.5437207,0,4,4,13.44618962,1,,0.124522968,0.02,0,0.99000001,70.47999982,0.19157762,0.875477035,0.980000019,0.01,1,495.5200017,0.191577622,-0.760420159,-4.126083714,0.81191164,4.095450955,0.101907641,-0.084413807,15.77177431,11.18786897,1.395751081,1.409721043,568,112.7456715,0.561511228,0.881987578,4.730703286
ID4394,4394,1,478,855.6698179,755.6960784,0,5,5,12.30916349,1,,0.274105262,0.25999999,0,0.949999988,130.1999997,0.190284567,0.725894738,0.74000001,0.050000001,1,344.8000006,0.190284569,-0.4827903,-2.689277866,0.547815047,2.700318333,-0.499541387,0.439869175,15.11379042,9.420860279,2.473826638,1.604289839,476,217.252709,0.126732037,0.646300068,9.957761593
ID4727,4727,1,328,873.2043257,741.9610687,0,6,6,10.21011693,1,,0.319237805,0.289999992,0,0.910000026,104.71,0.197833135,0.680762193,0.709999979,0.090000004,1,223.2899993,0.197833135,-0.409142481,-2.234791889,0.480050678,2.23221947,0.109060589,1.232158155,16.16845474,7.977494856,2.708448175,2.026758404,327.5,164.6027904,0.151896155,0.584821429,9.095603938